feature,n,pearson_r,pearson_p,spearman_r,spearman_p,n_trimmed,pearson_r_trimmed,at_floor,pearson_q,spearman_q,drop_sig
mc_avg_distance_to_centroid,54,-0.786569562495966,2.93709245286329e-12,-0.634171397198318,3.42796210240284e-07,54,-0.786569562495966,1,5.58047566044025e-11,2.17104266485513e-06,FALSE
frequency_range,54,0.691616263806648,9.79844570278896e-09,0.657210180115784,9.02530755845668e-08,52,0.542439450498011,1,9.30852341764951e-08,8.57404218053385e-07,FALSE
mc_coverage_percentage,54,0.660234964221041,7.51040428645264e-08,0.77366544616933,1.10792446180848e-11,53,0.674004626288272,10,4.75658938142001e-07,2.10505647743611e-10,FALSE
sentiment_rating,54,0.654160461573452,1.08396573984625e-07,0.535477700231384,3.60317327490736e-05,53,0.542859376350451,1,5.14883726426967e-07,0.00013692058444648,FALSE
mean_log_frequency,54,0.577905805005776,5.86272836847654e-06,0.28944245908357,0.0355397265182891,52,0.337519679784976,1,2.22783678002109e-05,0.0964649719782133,TRUE
word_count,54,0.544276290149723,2.52272769179115e-05,0.540022640352359,3.00092768869629e-05,54,0.544276290149723,1,7.98863769067199e-05,0.00013692058444648,FALSE
mean_content_word_frequency,54,0.419933717852922,0.00174589321123897,-0.0450420573462769,0.748775338572866,53,-0.0697295166822615,1,0.00473885300193434,0.836866554875556,TRUE
mc_semantic_coherence,54,-0.396594921232672,0.00328197705332164,0.0523163963233216,0.709861465469283,52,0.167220478252375,1,0.00779469550163888,0.836866554875556,TRUE
verb_ratio,54,0.371129888242721,0.00622099071009856,0.0270333393350579,0.847626395229019,53,0.0573638535302507,1,0.0128987870021994,0.847626395229019,TRUE
disfluencies_per_100_words,54,-0.367492638842229,0.00678883526431546,-0.41920078423981,0.00178206827562529,53,-0.173461885669116,7,0.0128987870021994,0.00564321620614675,FALSE
mlu_morphemes,54,0.347132288741591,0.0108767828832868,0.0936573721285442,0.504742783893836,53,0.124372535221247,1,0.018787170434768,0.68500806385592,TRUE
honore_statistic,54,0.332610324176862,0.0149567180984229,0.269091594374912,0.0513662052661549,51,0.0688544324449875,2,0.023681470322503,0.121994737507118,TRUE
high_freq_word_ratio,54,0.324092346956207,0.0179107856461771,-0.0311254865970541,0.82489992053812,53,0.339771860629405,1,0.0261773020982588,0.847626395229019,TRUE
total_filled_pauses,54,0.238263880642151,0.085784705951051,0.113278020274861,0.419311573530131,53,0.312981907541109,1,0.116422100933569,0.663909991422708,FALSE
adj_ratio,54,-0.165908827957019,0.235116013950185,-0.259255894903148,0.0608480889114965,54,-0.165908827957019,1,0.297813617670235,0.128457076590937,FALSE
content_word_ratio,54,0.123457276878335,0.378465690475805,-0.231076049659095,0.0959605336072525,53,-0.40517089857468,1,0.449428007440019,0.18232501385378,FALSE
adv_ratio,54,0.0786310016442764,0.575711362834205,0.0816801779356196,0.560947837303784,52,0.213123298747007,1,0.643442111402935,0.710533927251459,FALSE
noun_ratio,54,-0.0614418348625835,0.662074662610484,0.147605965627128,0.291537498147651,53,0.138250113344478,1,0.698856588311066,0.50356476952776,FALSE
clauses_per_sentence,54,0.000422881323320847,0.997602192788974,-0.0975237026154489,0.487235637771397,53,0.0431627406326342,2,0.997602192788974,0.68500806385592,FALSE
