Clip,ClipName,MC_ID,Concept,Role,Grounding,SupportRuns,N_HC,N_HC_matched,Pct_HC,Meets33,Meets70
AKB,Akeelah and the Bee,MC-01,"The final round of the Scripps National Spelling Bee is down to two contestants, Dylan and Akeelah.",Setting,Both,5,41,19,46.3,Yes,No
AKB,Akeelah and the Bee,MC-02,"The first contestant, Dylan, correctly spells his word, 'Logorrhea'.",Plan/Attempt,Both,5,41,10,24.4,No,No
AKB,Akeelah and the Bee,MC-03,"Akeelah's family, friends, and classmates are shown celebrating her victory enthusiastically.",Resolution,Audiovisual,5,41,14,34.1,Yes,No
AKB,Akeelah and the Bee,MC-04,"After spelling his word, Dylan is declared a winner of the spelling bee.",Consequence,Both,3,41,15,36.6,Yes,No
CMIYC,Catch Me If You Can,MC-01,"Frank, a young man in a pilot's uniform, meets his father for lunch at a fancy restaurant.",Setting,Both,5,42,37,88.1,Yes,Yes
CMIYC,Catch Me If You Can,MC-02,Frank tries to give his father the keys to a new Cadillac.,InitiatingEvent,Both,5,42,33,78.6,Yes,Yes
CMIYC,Catch Me If You Can,MC-03,"The father refuses the car, explaining he is in trouble with the IRS.",Consequence,Both,5,42,20,47.6,Yes,No
CMIYC,Catch Me If You Can,MC-04,The father reveals he had to close his store due to pressure from the government.,InternalResponse,Both,5,42,17,40.5,Yes,No
CMIYC,Catch Me If You Can,MC-05,"Despite his personal struggles, the father proudly makes a toast to his son, the pilot.",Resolution,Both,5,42,24,57.1,Yes,No
GWH,Good Will Hunting,MC-01,"A younger man and an older man, who appears to be a psychologist, meet for a session in an office.",Setting,Both,5,43,19,44.2,Yes,No
GWH,Good Will Hunting,MC-02,"The younger man psychoanalyzes the psychologist, suggesting the painting of a boat in a storm represents his own inner turmoil.",Plan/Attempt,Both,5,43,10,23.3,No,No
GWH,Good Will Hunting,MC-03,The younger man provokes the psychologist by speculating that he married the wrong woman.,Plan/Attempt,Subtitles,5,43,10,23.3,No,No
GWH,Good Will Hunting,MC-04,"Enraged by the comments about his wife, the psychologist physically attacks the younger man and chokes him.",Consequence,Both,5,43,13,30.2,No,No
GWH,Good Will Hunting,MC-05,"While holding him, the psychologist threatens to kill the young man if he ever disrespects his wife again.",Consequence,Both,3,43,18,41.9,Yes,No
MIR,Miracle,MC-01,A coach gives a motivational speech to his hockey team in a locker room before a game.,Setting,Both,5,29,10,34.5,Yes,No
MIR,Miracle,MC-02,"The coach acknowledges that their opponents, the Soviets, are a formidable team that would usually win.",Other,Subtitles,5,29,8,27.6,No,No
MIR,Miracle,MC-03,"After the speech, the motivated team gets up and heads out of the locker room to play the game.",Resolution,Both,4,29,10,34.5,Yes,No
MIR,Miracle,MC-04,"The coach insists that despite the odds, they can and will win this specific game tonight.",Plan/Attempt,Both,3,29,8,27.6,No,No
MIR,Miracle,MC-05,The coach concludes by commanding the team to go out and take their moment.,Consequence,Both,3,29,8,27.6,No,No
MIR,Miracle,MC-06,The coach builds the team's confidence by telling them they were born to be hockey players and this is their moment.,Theme,Both,3,29,14,48.3,Yes,No
MOON,Moonlight,MC-01,A man takes a young boy to the beach to teach him how to swim.,InitiatingEvent,Both,5,33,28,84.8,Yes,Yes
MOON,Moonlight,MC-02,"The man recounts a story of an old lady who said that in moonlight, black boys look blue, and nicknamed him ""Blue"".",Consequence,Subtitles,5,33,11,33.3,Yes,No
MOON,Moonlight,MC-03,The man advises the boy that he must decide for himself who he is going to be.,Resolution,Both,5,33,11,33.3,Yes,No
MOON,Moonlight,MC-04,"After swimming, the man tells the boy about Black identity and his own origins in Cuba.",Plan/Attempt,Both,4,33,11,33.3,Yes,No
NCOM,No Country for Old Men,MC-01,An older man who appears to be a store clerk is closing his shop when a customer engages him in a personal conversation.,Setting,Both,5,40,9,22.5,No,No
NCOM,No Country for Old Men,MC-02,The customer flips a coin and relentlessly pressures the confused and frightened shopkeeper to call it.,Plan/Attempt,Both,5,40,10,25.0,No,No
NCOM,No Country for Old Men,MC-03,"After hesitating, the shopkeeper gives in and calls 'Heads'.",Consequence,Both,5,40,12,30.0,No,No
NCOM,No Country for Old Men,MC-04,"The clerk wins the coin toss, and the customer warns him not to mix the 'lucky quarter' with other coins.",Resolution,Both,5,40,12,30.0,No,No
NCOM,No Country for Old Men,MC-05,The customer asks the shopkeeper a series of probing and personal questions about his life.,InitiatingEvent,Subtitles,4,40,12,30.0,No,No
NCOM,No Country for Old Men,MC-06,The customer explains that the coin toss represents the shopkeeper's entire life and that the stakes are 'everything'.,Plan/Attempt,Subtitles,4,40,16,40.0,Yes,No
PT,The Parent Trap,MC-01,A girl named Hal is picked up by her father at an airport after returning from summer camp.,Setting,Both,5,44,33,75.0,Yes,Yes
PT,The Parent Trap,MC-02,The girl explains her changed behavior by claiming she deeply missed being able to say the word 'Dad'.,Plan/Attempt,Both,5,44,18,40.9,Yes,No
PT,The Parent Trap,MC-03,The father notices that his daughter seems different since returning from camp.,InitiatingEvent,Both,3,44,20,45.5,Yes,No
PT,The Parent Trap,MC-04,"The clip visually reveals two identical-looking girls on a porch, implying the girl who came home has switched places with a twin.",Resolution,Audiovisual,3,44,18,40.9,Yes,No
PC,Partly Cloudy,MC-01,"In a sky world, clouds create babies and storks deliver them.",Setting,Audiovisual,5,47,30,63.8,Yes,No
PC,Partly Cloudy,MC-02,"A lone grey cloud creates dangerous baby animals, unlike the other clouds who create cute ones.",InitiatingEvent,Audiovisual,5,47,35,74.5,Yes,Yes
PC,Partly Cloudy,MC-03,The stork partnered with the grey cloud is repeatedly injured by the babies he has to deliver.,Consequence,Audiovisual,5,47,26,55.3,Yes,No
PC,Partly Cloudy,MC-04,"Feeling abandoned, the grey cloud becomes heartbroken and unleashes a thunderstorm.",InternalResponse,Audiovisual,5,47,20,42.6,Yes,No
PC,Partly Cloudy,MC-05,"After seeing the next creation is a baby shark, the terrified stork flies away, making the cloud think he has been abandoned.",Plan/Attempt,Audiovisual,3,47,28,59.6,Yes,No
