feature1,feature2,correlation
content_word_ratio,function_word_ratio,-1
mean_log_frequency,mean_word_frequency,0.993188479410699
mlu_morphemes,mlu_words,0.987672711421096
mlu_morphemes,syllables_count_mean,0.959212155422932
mlu_words,syllables_count_mean,0.959045868655118
mc_coverage_percentage,mc_coverage_normalized,0.910320491256134
total_filled_pauses,filled_pauses_per_100_words,0.899115056652385
brunets_index,type_token_ratio,-0.870094266657143
disfluencies_per_100_words,word_repetitions,0.866059153811767
mean_word_frequency,median_word_frequency,0.843007614264821
mean_log_frequency,median_word_frequency,0.826386556056887
word_count,brunets_index,0.805942363577807
mc_semantic_coherence,mc_coherence_composite,0.785367923527159
mc_semantic_coherence,mc_topic_stability,0.778888801516332
mc_avg_distance_to_centroid,mc_coherence_composite,-0.775392711508771
mc_avg_distance_to_centroid,mc_concept_efficiency,-0.739450110686997
mc_coverage_normalized,mc_concept_efficiency,0.661278158446808
mc_topic_stability,mc_coherence_composite,0.647273385882794
high_freq_word_ratio,out_of_vocab_ratio,-0.6249951459173
word_count,type_token_ratio,-0.607085208758473
