feature,coefficient,selection_pct,lab,ci_lo,ci_hi,se,pct_zero,pct_flip,lo,hi
mean_content_word_frequency,0.0235864866590587,54.4299201161946,Mean content word frequency,0,6.09325182240563,1.95721549570212,55.05,0,-1.93362900904306,1.98080198236118
mlu_morphemes,-0.251073340407647,82.8976034858388,MLU morphemes,-2.47388246272538,0,0.757050485898326,19.65,0.124455507156192,-1.00812382630597,0.505977145490679
sentiment_rating,-0.414144417655916,75.599128540305,Sentiment rating,-2.42302667120407,0,0.700402942530396,47.25,0.37914691943128,-1.11454736018631,0.28625852487448
honore_statistic,-0.524889111870368,99.7458242556282,Honore's statistic,-2.14602208163796,0,0.639260631003863,23,0.0649350649350649,-1.16414974287423,0.114371519133495
adv_ratio,-0.54325962835421,92.0842411038489,Adverb ratio,-1.94243309249756,0,0.585616256438691,26.75,0.273037542662116,-1.1288758847929,0.0423566280844809
adj_ratio,-0.815876382577293,98.80174291939,Adjective ratio,-2.38923929647418,0,0.707161984371208,15.25,0.0589970501474926,-1.5230383669485,-0.108714398206085
clauses_per_sentence,-1.04169300694665,74.8729121278141,Clauses per sentence,-2.8705881956649,0,0.830423468538389,31.55,0.219138056975895,-1.87211647548504,-0.211269538408261
word_count,-1.38490702704797,98.7654320987654,Word count,-2.54670682604956,0,0.765559742264426,12.55,0,-2.1504667693124,-0.619347284783545
total_filled_pauses,1.61121257228493,99.8910675381264,Nonverbal utterances count,0.0170894813779841,3.47732190503624,0.843351203576689,2.35,0,0.767861368708241,2.45456377586162
disfluencies_per_100_words,1.63955420816774,99.8547567175018,Disfluency rate,0,3.66765181171832,1.0276241797725,8.7,0,0.611930028395243,2.66717838794024
mc_coverage_percentage,-1.8769874287326,100,MC completeness,-4.65844526541857,-0.364878904138405,1.11883451400541,0.7,0,-2.99582194273801,-0.758152914727191
mean_log_frequency,2.23070577251436,99.2737835875091,Mean log frequency,0,3.20849830821723,1.04347736699594,18.25,0,1.18722840551842,3.2741831395103
mc_avg_distance_to_centroid,2.53802046091916,99.6732026143791,MC distance to centroid,0,3.95229489426922,1.13198257881923,10.05,0,1.40603788209993,3.67000303973839
