lambda,mean_cv_auc
0.34027480186781,0.679708299901157
0.310045726306526,0.902751013583367
0.282502118503283,0.904771366246576
0.257405408903916,0.902821927061423
0.234538221815926,0.900000686793754
0.213702492604225,0.896358510187292
0.194717752150016,0.894349289778072
0.177419563713621,0.89387341221648
0.161658098662111,0.89384821373771
0.147296838725359,0.894874798171017
0.134211393540096,0.896823956684461
0.122288423240095,0.899462619383418
0.111424656760462,0.904209082312024
0.101525997353085,0.909584839569083
0.092506707565611,0.916322910267448
0.0842886666246517,0.922308222348769
0.0768006937910173,0.927712996278543
0.069977931826205,0.93232457847941
0.0637612852300268,0.935563221714482
0.0580969083836571,0.938916057992738
0.052935739164642,0.941050911063726
0.0482330739942659,0.943463932566033
0.0439481806365376,0.945171967295076
0.040043945395049,0.946853011911835
0.036486551651891,0.94814550116861
0.0332451869642872,0.949439267097671
0.0302917761819546,0.950273632203465
0.0276007382735833,0.951114747437437
0.0251487647561804,0.951618590419851
0.0229146178081415,0.951844031777435
0.0208789463173992,0.952120555650388
0.0190241182713488,0.951983023209284
0.0173340680367892,0.952133479631169
0.0157941572070943,0.951991383367644
0.0143910478113374,0.952058654456343
0.0131125867871679,0.95243935682276
0.0119477007167995,0.952779836619963
0.010886299914362,0.952858124904974
0.00991919103386991,0.952595334520755
0.00903799744085695,0.952858610569325
0.00823508665797596,0.952744516594517
0.00750350425613127,0.95273132581704
0.00683691361854087,0.952769780880495
0.00622954105599322,0.952498603248603
0.00567612579791338,0.952453362378362
0.00517187442608499,0.952099204367061
0.00471241935635481,0.952145669013526
0.00429378100870823,0.952114907314907
0.00391233333805093,0.951904536468822
0.003564772427141,0.951680591894877
0.0032480878696383,0.951458336240479
0.00295953669540492,0.95115237606309
0.00269661961221007,0.951082628350485
0.00245705935805641,0.950962552526837
0.00223878097662604,0.950727888513602
0.0020398938450015,0.950905807684379
0.00185867529799459,0.950570415298987
0.00169355570724453,0.950288443831301
0.00154310488584804,0.950107272092986
0.00140601970076458,0.949682202982203
0.00128111278570133,0.949441162276876
0.00116730225671442,0.94941137407566
0.00106360234144774,0.949133315626173
0.00096911484084441,0.949027310123739
0.000883021349376216,0.948820198452342
0.000804576166406451,0.948860088852946
0.000733099837287737,0.948826068111783
0.000667973268250911,0.948596024081739
0.000608632364110971,0.948498550391408
0.000554563142344439,0.948310348910349
0.000505297281218625,0.9482092999593
0.000460408063412826,0.947966163466164
0.000419506679997025,0.947803871789586
0.000382238862754948,0.947664109831967
0.000348281815682249,0.947534274059274
0.000317341419081945,0.947439287828574
0.000289149682040305,0.94734875428804
0.000263462421217762,0.947194314547886
0.000240057145849636,0.947154714465429
0.000218731130637572,0.947040378801093
0.000199299659839987,0.946871744789602
0.000181594427352682,0.946738178356035
0.000165462078921884,0.946417823049966
0.000150762883863063,0.946375621072049
0.000137369524780587,0.946332370143084
0.000125165994805355,0.946318228728943
0.000114046592798784,0.946264019974734
0.000103915007820121,0.946135361596076
9.46834849271443e-05,0.946156871567586
8.62720650848362e-05,0.946152494463209
7.86078925984742e-05,0.946136163439735
7.16245840724561e-05,0.946094634862492
6.52616534290847e-05,0.946039377157234
5.94639880070987e-05,0.946019809687667
5.41813712021664e-05,0.946015693697836
4.93680475146824e-05,0.945903366342652
4.49823262375184e-05,0.945771432667861
4.09862203510634e-05,0.94580918195561
3.73451174978317e-05,0.945695805649377
3.40274801867811e-05,0.945636507540079
