feature,coefficient,selection_pct
mc_avg_distance_to_centroid,2.53802046091916,99.6732026143791
mean_log_frequency,2.23070577251436,99.2737835875091
mc_coverage_percentage,-1.8769874287326,100
disfluencies_per_100_words,1.63955420816774,99.8547567175018
total_filled_pauses,1.61121257228493,99.8910675381264
word_count,-1.38490702704797,98.7654320987654
clauses_per_sentence,-1.04169300694665,74.8729121278141
adj_ratio,-0.815876382577293,98.80174291939
adv_ratio,-0.54325962835421,92.0842411038489
honore_statistic,-0.524889111870368,99.7458242556282
sentiment_rating,-0.414144417655916,75.599128540305
mlu_morphemes,-0.251073340407647,82.8976034858388
mean_content_word_frequency,0.0235864866590587,54.4299201161946
content_word_ratio,0,0.4720406681191
frequency_range,0,0.145243282498184
high_freq_word_ratio,0,21.3507625272331
noun_ratio,0,51.2345679012346
verb_ratio,0,2.8322440087146
mc_semantic_coherence,0,27.7051561365287
