clip,run,n_concepts,n_pairs,mean_sim,max_sim
AKB,1,7,21,0.4145876467227936,0.6790711879730225
AKB,2,7,21,0.32754603028297424,0.6775727272033691
AKB,3,8,28,0.4081478714942932,0.7337135076522827
AKB,4,8,28,0.4277493357658386,0.6632946729660034
AKB,5,5,10,0.34138786792755127,0.5294764041900635
CMIYC,1,7,21,0.28767308592796326,0.5296162366867065
CMIYC,2,7,21,0.3525869846343994,0.6285349130630493
CMIYC,3,6,15,0.33152642846107483,0.49777597188949585
CMIYC,4,6,15,0.3201577365398407,0.4957953989505768
CMIYC,5,8,28,0.33919787406921387,0.571470320224762
GWH,1,7,21,0.4312437176704407,0.8322924375534058
GWH,2,7,21,0.3970552682876587,0.808208167552948
GWH,3,6,15,0.3610976040363312,0.6291513442993164
GWH,4,7,21,0.38728460669517517,0.8489042520523071
GWH,5,6,15,0.3600262403488159,0.6463378667831421
MIR,1,8,28,0.47852152585983276,0.7564356327056885
MIR,2,7,21,0.49321073293685913,0.7113476991653442
MIR,3,6,15,0.5341686606407166,0.8383828997612
MIR,4,6,15,0.40607979893684387,0.6717254519462585
MIR,5,7,21,0.3864288330078125,0.5986678600311279
MOON,1,6,15,0.35486358404159546,0.5336226224899292
MOON,2,6,15,0.34127113223075867,0.582632839679718
MOON,3,6,15,0.3469722867012024,0.6260387897491455
MOON,4,6,15,0.2851860225200653,0.5438697934150696
MOON,5,6,15,0.33523938059806824,0.5862929821014404
NCOM,1,7,21,0.4982129633426666,0.6674687266349792
NCOM,2,8,28,0.4498560130596161,0.6580299139022827
NCOM,3,8,28,0.4688662886619568,0.7161806225776672
NCOM,4,6,15,0.49154946208000183,0.7328611612319946
NCOM,5,8,28,0.39549341797828674,0.5466445684432983
PT,1,6,15,0.373422771692276,0.6214128136634827
PT,2,7,21,0.3724733889102936,0.6531062722206116
PT,3,8,28,0.2769595682621002,0.5135294198989868
PT,4,7,21,0.3325149416923523,0.6323286890983582
PT,5,6,15,0.36650532484054565,0.5242379307746887
PC,1,7,21,0.4086345434188843,0.621730387210846
PC,2,7,21,0.46237912774086,0.6831300258636475
PC,3,6,15,0.4264763593673706,0.5928244590759277
PC,4,7,21,0.41536945104599,0.6962127089500427
PC,5,7,21,0.41630223393440247,0.6162710189819336
