feature,RC1,RC2,RC3,RC4,RC5,RC8,RC7,RC6
total_filled_pauses,0.0808827163022935,-0.0961673911073511,-0.00262669066942111,0.213357029402919,0.0162086888959192,-0.134149806800851,-0.0593372765859397,0.870909252467459
word_count,0.173594385675938,0.633432684200823,-0.161627191882302,-0.0988798978940695,0.591944434085314,0.173691832298745,-0.0475391268187707,0.215565252305321
adj_ratio,0.0616344034194637,-0.0265074437741094,0.201059844253623,0.136295460499395,0.0838245816092303,0.891097760057715,0.0244920482860666,-0.126120716196643
adv_ratio,0.226483936274386,-0.0303611001390395,-0.0397999668690853,0.173922344121241,0.856825043263001,0.0417346145272868,0.141950838674654,-0.0697909505195846
clauses_per_sentence,-0.089898975876459,-0.0310408112614111,-0.0368120127216824,0.825738503975888,0.0592215034432758,0.16712855755979,0.0775956969302987,0.263216751101291
content_word_ratio,0.242367912889876,0.0546543478893561,0.882627921976128,0.135748557192694,0.162669776203599,0.276259463474159,0.166779460481701,-0.0161640607555356
disfluencies_per_100_words,0.0601475169158645,-0.531888548487437,-0.0218060892198287,0.228968648301179,-0.269406667303797,0.406144628781573,-0.0374345672047077,0.476690081440397
frequency_range,0.395593462877172,0.630224348397879,0.107336664644941,0.192131368571494,0.157466411713965,0.237740909727996,0.391752553624356,0.29320270732171
high_freq_word_ratio,0.788505515479048,0.0108185212753371,-0.398575886226342,-0.00672542302246164,0.132814243259668,-0.0557666989422339,-0.190281680470762,-0.166495594653221
honore_statistic,0.0665041157812966,0.222443871067431,0.159138527828341,0.179351352338126,0.0849191668332332,-0.0186068689143088,0.882628976678825,-0.123160176081089
mean_content_word_frequency,0.882457746703905,0.0170805515931728,0.273869194651999,0.0603002670292321,0.123288121118518,0.165655119217791,0.0794026872035002,0.0832554967103704
mean_log_frequency,0.820021597629786,0.226759657502964,-0.401264414350672,0.0188875063612684,-0.0383631334398055,0.00385906254666692,0.0206467882494776,0.0213125350076369
mlu_morphemes,0.182532598770252,0.285931115599697,0.175543633195787,0.765776307717967,0.0914080347408837,0.0228147680576152,0.136782568054093,0.0337140055161816
noun_ratio,-0.329122106419742,0.0615143278200309,0.841805807903365,0.0132757175858896,-0.304592153004327,-0.0123010494102299,-0.000414087286190469,-0.0126093605491186
verb_ratio,0.79799673698268,0.0384551870393687,0.188164963344946,0.0324339410956871,0.16129818904244,-0.015162461008026,0.200544412353954,0.11250911556226
sentiment_rating,0.268524513745361,0.691311168343763,0.0568361278414108,0.119415218097399,-0.1757011863898,0.0980624244006217,0.168975485329304,-0.198455430890286
mc_coverage_percentage,-0.0816972342309322,0.890957891940266,0.00453919949632263,-0.00809888671347023,0.190412466823776,-0.055506393971272,0.0305641873769522,-0.00495543302236062
mc_semantic_coherence,-0.598832113007295,-0.106421986502682,0.174978871045074,-0.0308650840130303,-0.159830485495256,-0.415710451083383,-0.512749495419751,-0.199888155455499
mc_avg_distance_to_centroid,-0.0185342842190222,-0.790660627395542,-0.0754386850598376,-0.314453339218835,0.285538309097836,0.184222825269503,-0.145659186073931,0.182068819437229
