Clip,feature,d,n_hc,n_pwa
AkeelahAndTheBee,adj_ratio,0.0644051195650841,42,47
AkeelahAndTheBee,adv_ratio,-0.255507291512445,42,47
AkeelahAndTheBee,clauses_per_sentence,0.252107126855018,42,47
AkeelahAndTheBee,content_word_ratio,-0.299229027109026,42,47
AkeelahAndTheBee,disfluencies_per_100_words,0.495954695585383,42,47
AkeelahAndTheBee,frequency_range,-0.655800314808195,42,47
AkeelahAndTheBee,high_freq_word_ratio,0.424631108860806,42,47
AkeelahAndTheBee,honore_statistic,-0.5101291233973,42,47
AkeelahAndTheBee,mc_avg_distance_to_centroid,0.817092532103657,41,47
AkeelahAndTheBee,mc_coverage_percentage,-0.924616446163307,41,47
AkeelahAndTheBee,mc_semantic_coherence,0.297281341856131,41,47
AkeelahAndTheBee,mean_content_word_frequency,0.678162153464775,42,47
AkeelahAndTheBee,mean_log_frequency,0.270938399068595,42,47
AkeelahAndTheBee,mlu_morphemes,-0.158651498718155,42,47
AkeelahAndTheBee,noun_ratio,-0.300279343824654,42,47
AkeelahAndTheBee,sentiment_rating,-0.817756442591329,41,47
AkeelahAndTheBee,total_filled_pauses,0.301854406612998,42,47
AkeelahAndTheBee,verb_ratio,0.175463349270982,42,47
AkeelahAndTheBee,word_count,-0.603406598517457,42,47
CatchMeIfYouCan,adj_ratio,-0.368979763826739,42,43
CatchMeIfYouCan,adv_ratio,-0.165678959651552,42,43
CatchMeIfYouCan,clauses_per_sentence,-0.079020745566189,42,43
CatchMeIfYouCan,content_word_ratio,-0.0629877445642236,42,43
CatchMeIfYouCan,disfluencies_per_100_words,0.705059213058153,42,43
CatchMeIfYouCan,frequency_range,-0.600035382723738,42,43
CatchMeIfYouCan,high_freq_word_ratio,0.255900096763035,42,43
CatchMeIfYouCan,honore_statistic,-0.457958767134916,42,43
CatchMeIfYouCan,mc_avg_distance_to_centroid,0.944401580564793,42,43
CatchMeIfYouCan,mc_coverage_percentage,-1.50170600723238,42,43
CatchMeIfYouCan,mc_semantic_coherence,0.097873688918875,42,43
CatchMeIfYouCan,mean_content_word_frequency,1.23549676613082,42,43
CatchMeIfYouCan,mean_log_frequency,0.289069837385248,42,43
CatchMeIfYouCan,mlu_morphemes,-0.537522996745589,42,43
CatchMeIfYouCan,noun_ratio,-0.000466700830620488,42,43
CatchMeIfYouCan,sentiment_rating,-0.440801625353982,42,43
CatchMeIfYouCan,total_filled_pauses,0.733648305548717,42,43
CatchMeIfYouCan,verb_ratio,0.287456496565624,42,43
CatchMeIfYouCan,word_count,-0.847453244150497,42,43
GoodWillHunting,adj_ratio,0.200977214506381,45,51
GoodWillHunting,adv_ratio,-0.272266195441794,45,51
GoodWillHunting,clauses_per_sentence,-0.183795155262452,45,51
GoodWillHunting,content_word_ratio,-0.377949455444333,45,51
GoodWillHunting,disfluencies_per_100_words,0.762709173342192,45,51
GoodWillHunting,frequency_range,-0.597542004837976,45,51
GoodWillHunting,high_freq_word_ratio,0.148187419253558,45,51
GoodWillHunting,honore_statistic,-0.345518826129245,45,51
GoodWillHunting,mc_avg_distance_to_centroid,1.37463375578087,43,51
GoodWillHunting,mc_coverage_percentage,-0.949931524148502,43,51
GoodWillHunting,mc_semantic_coherence,-0.550332485222692,43,51
GoodWillHunting,mean_content_word_frequency,1.04182527052216,45,51
GoodWillHunting,mean_log_frequency,0.438608703223013,45,51
GoodWillHunting,mlu_morphemes,-0.520638124418426,45,51
GoodWillHunting,noun_ratio,-0.295225220512364,45,51
GoodWillHunting,sentiment_rating,0.493951042711136,43,51
GoodWillHunting,total_filled_pauses,0.219647816764345,45,51
GoodWillHunting,verb_ratio,0.0404903545158704,45,51
GoodWillHunting,word_count,-0.782575690029229,45,51
Miracle,adj_ratio,0.172288139210387,29,36
Miracle,adv_ratio,0.284245678137569,29,36
Miracle,clauses_per_sentence,0.368813809615961,29,36
Miracle,content_word_ratio,-0.434760511052511,29,36
Miracle,disfluencies_per_100_words,0.788620994098458,29,36
Miracle,frequency_range,-0.321127232372267,29,36
Miracle,high_freq_word_ratio,0.349504379944539,29,36
Miracle,honore_statistic,-0.636188354477609,29,36
Miracle,mc_avg_distance_to_centroid,1.32768007490883,29,36
Miracle,mc_coverage_percentage,-0.858395075278952,29,36
Miracle,mc_semantic_coherence,-0.276479154500493,29,36
Miracle,mean_content_word_frequency,0.0806268072774191,29,36
Miracle,mean_log_frequency,0.544881490285466,29,36
Miracle,mlu_morphemes,-0.0998007714448283,29,36
Miracle,noun_ratio,-0.524478446270899,29,36
Miracle,sentiment_rating,-0.633850632356459,29,36
Miracle,total_filled_pauses,0.737185016717349,29,36
Miracle,verb_ratio,-0.0672004021369137,29,36
Miracle,word_count,0.0238801166179715,29,36
Moonlight,adj_ratio,-0.111844875685302,33,38
Moonlight,adv_ratio,0.415124157286411,33,38
Moonlight,clauses_per_sentence,-0.0227116830043457,33,38
Moonlight,content_word_ratio,0.0401831888889293,33,38
Moonlight,disfluencies_per_100_words,0.914754101249807,33,38
Moonlight,frequency_range,-0.604652252106749,33,38
Moonlight,high_freq_word_ratio,-0.155842917765885,33,38
Moonlight,honore_statistic,-0.601297194764761,33,38
Moonlight,mc_avg_distance_to_centroid,0.991265558938025,33,38
Moonlight,mc_coverage_percentage,-0.991688145451849,33,38
Moonlight,mc_semantic_coherence,-0.21905115523677,33,38
Moonlight,mean_content_word_frequency,0.638624653212719,33,38
Moonlight,mean_log_frequency,0.292084948993542,33,38
Moonlight,mlu_morphemes,-0.7386956332594,33,38
Moonlight,noun_ratio,-0.225414425035825,33,38
Moonlight,sentiment_rating,-1.06954046345338,33,38
Moonlight,total_filled_pauses,1.00381261551693,33,38
Moonlight,verb_ratio,0.225424761551813,33,38
Moonlight,word_count,-0.454573165337084,33,38
NoCountryForOldMen,adj_ratio,-0.0883098779275627,41,47
NoCountryForOldMen,adv_ratio,-0.405349499859153,41,47
NoCountryForOldMen,clauses_per_sentence,-0.264476030099113,41,47
NoCountryForOldMen,content_word_ratio,-0.285534669715501,41,47
NoCountryForOldMen,disfluencies_per_100_words,0.56777005667535,41,47
NoCountryForOldMen,frequency_range,-0.61108138859595,41,47
NoCountryForOldMen,high_freq_word_ratio,-0.0233002972027637,41,47
NoCountryForOldMen,honore_statistic,-0.301174717296506,41,47
NoCountryForOldMen,mc_avg_distance_to_centroid,0.825973388975782,40,47
NoCountryForOldMen,mc_coverage_percentage,-0.982504107597276,40,47
NoCountryForOldMen,mc_semantic_coherence,-0.133848778914832,40,47
NoCountryForOldMen,mean_content_word_frequency,0.568583905002492,41,47
NoCountryForOldMen,mean_log_frequency,0.192805301463495,41,47
NoCountryForOldMen,mlu_morphemes,-0.539665494625497,41,47
NoCountryForOldMen,noun_ratio,-0.12556632538855,41,47
NoCountryForOldMen,sentiment_rating,-0.393803076788446,40,47
NoCountryForOldMen,total_filled_pauses,0.647664855444524,41,47
NoCountryForOldMen,verb_ratio,0.156702277569128,41,47
NoCountryForOldMen,word_count,-0.781742660586624,41,47
ParentTrap,adj_ratio,-0.544547201589599,46,52
ParentTrap,adv_ratio,-0.200221874187711,46,52
ParentTrap,clauses_per_sentence,-0.080827407223026,46,52
ParentTrap,content_word_ratio,-0.343748973145294,46,52
ParentTrap,disfluencies_per_100_words,0.855785349903248,46,52
ParentTrap,frequency_range,-0.587004678537283,46,52
ParentTrap,high_freq_word_ratio,0.528827451717543,46,52
ParentTrap,honore_statistic,-0.569841890730475,46,52
ParentTrap,mc_avg_distance_to_centroid,0.99636039143868,44,52
ParentTrap,mc_coverage_percentage,-1.18790394016906,44,52
ParentTrap,mc_semantic_coherence,0.245184693551819,44,52
ParentTrap,mean_content_word_frequency,0.0883844951578443,46,52
ParentTrap,mean_log_frequency,0.601497668975787,46,52
ParentTrap,mlu_morphemes,-0.618880878677276,46,52
ParentTrap,noun_ratio,-0.0771955476172026,46,52
ParentTrap,sentiment_rating,-0.336684132358014,44,52
ParentTrap,total_filled_pauses,0.549455710298341,46,52
ParentTrap,verb_ratio,0.0259984200598333,46,52
ParentTrap,word_count,-0.94157962013182,46,52
PartlyCloudy,adj_ratio,-0.177609404371567,48,48
PartlyCloudy,adv_ratio,-0.269400714957212,48,48
PartlyCloudy,clauses_per_sentence,-0.128541793512656,48,48
PartlyCloudy,content_word_ratio,-0.667249834453586,48,48
PartlyCloudy,disfluencies_per_100_words,0.882855401065997,48,48
PartlyCloudy,frequency_range,-0.513392786951093,48,48
PartlyCloudy,high_freq_word_ratio,0.303585349240081,48,48
PartlyCloudy,honore_statistic,-0.436903244731722,48,48
PartlyCloudy,mc_avg_distance_to_centroid,0.977905036478928,47,48
PartlyCloudy,mc_coverage_percentage,-1.10287048781957,47,48
PartlyCloudy,mc_semantic_coherence,-0.0227815346274961,47,48
PartlyCloudy,mean_content_word_frequency,0.79114179467389,48,48
PartlyCloudy,mean_log_frequency,0.414548165302766,48,48
PartlyCloudy,mlu_morphemes,-0.472929966307697,48,48
PartlyCloudy,noun_ratio,-0.392737901526225,48,48
PartlyCloudy,sentiment_rating,-0.719951137877649,47,48
PartlyCloudy,total_filled_pauses,0.769967720845255,48,48
PartlyCloudy,verb_ratio,-0.34894521277742,48,48
PartlyCloudy,word_count,-1.3799282709573,48,48
