clip,method,shepard_rho,stress1,trustworthiness,d_768,d_2d
Catch Me,PCA,0.7286969186290219,0.33270321011451576,0.74785903751421,1.2043417111373744,1.0909109190451807
Catch Me,Metric MDS,0.9028387895683688,0.2397092516575987,0.8310218517115069,1.2043417111373744,1.328137040201533
Catch Me,t-SNE,0.6182602819476616,0.3951256246473944,0.8059239610963749,1.2043417111373744,0.9582470000553854
Catch Me,UMAP,0.3025207603084049,0.5009914125228357,0.7486800555766073,1.2043417111373744,0.7354906494608963
Catch Me,Isomap,0.7563614542357728,0.4007644316355232,0.7532777567260326,1.2043417111373744,0.9459786033915374
Partly Cloudy,PCA,0.716644632099205,0.3326519546962978,0.7601560156015601,1.209764047069445,1.1183143532349145
Partly Cloudy,Metric MDS,0.8942206401105248,0.23718860794727298,0.8456945694569457,1.209764047069445,1.2619532494503634
Partly Cloudy,t-SNE,0.511301314206793,0.4116472062357403,0.8531953195319532,1.209764047069445,1.021149022889253
Partly Cloudy,UMAP,0.2074999832777017,0.5757124218708983,0.796059605960596,1.209764047069445,0.2691084137981881
Partly Cloudy,Isomap,0.6913172136620419,0.365253787699944,0.7986698669866987,1.209764047069445,0.8504024005608375
Parent Trap,PCA,0.6611316559701669,0.3501876043839074,0.7625062506250625,1.314502249599694,1.41457350440171
Parent Trap,Metric MDS,0.8674568112476404,0.255997568065658,0.8365036503650365,1.314502249599694,1.3050077203877124
Parent Trap,t-SNE,0.47982741676126056,0.4185616942341088,0.8423942394239424,1.314502249599694,0.7071333827100049
Parent Trap,UMAP,0.3274699137259737,0.495622670700509,0.8029102910291029,1.314502249599694,0.7383522182154371
Parent Trap,Isomap,0.6736095516920064,0.3821249881268038,0.7875787578757876,1.314502249599694,1.0357860334455902
Moonlight,PCA,0.6909739008828895,0.3462741980369359,0.7675438596491229,0.9845404232014349,0.9863845705841928
Moonlight,Metric MDS,0.854017757472501,0.2544063750077634,0.8395308924485125,0.9845404232014349,1.1056293844684095
Moonlight,t-SNE,0.6282089851033347,0.36107400975109905,0.8132151029748284,0.9845404232014349,1.0660214265099623
Moonlight,UMAP,0.3741681296541088,0.4349002184050533,0.7724446987032799,0.9845404232014349,0.841073021387224
Moonlight,Isomap,0.6698917668461134,0.39354836995746295,0.7587147215865752,0.9845404232014349,1.1091923982155594
Akeelah,PCA,0.6868768079553412,0.3314447180717041,0.7706213466118208,1.179973486288519,0.8533673625643456
Akeelah,Metric MDS,0.8668517271931768,0.25750531938592225,0.8488128743595295,1.179973486288519,0.9558466797156873
Akeelah,t-SNE,0.6293035329320006,0.35119136382562655,0.8393832238820331,1.179973486288519,0.7387457947726904
Akeelah,UMAP,0.26801853105941836,0.5056467758324079,0.804022034591422,1.179973486288519,0.23311721319353496
Akeelah,Isomap,0.691592384583728,0.3614145225371812,0.8058983425945971,1.179973486288519,0.9299437958109674
Miracle,PCA,0.6503615417672692,0.3635118892388409,0.7465602284527517,1.3122391874847688,1.1942563551149934
Miracle,Metric MDS,0.8276781763901706,0.270090285999717,0.8519167532017999,1.3122391874847688,1.4020092018905466
Miracle,t-SNE,0.6022151836594091,0.35033086714020373,0.8393691588785046,1.3122391874847688,0.8853209858085931
Miracle,UMAP,0.27110323351257526,0.4647516479850406,0.769686742817584,1.3122391874847688,0.981025263853861
Miracle,Isomap,0.5832126924548668,0.36220375157654494,0.7792272412599515,1.3122391874847688,1.1908755683087149
Good Will,PCA,0.6098719258526786,0.35528280581926003,0.7761860940695297,1.4234081546606994,1.2184720308169343
Good Will,Metric MDS,0.8342708472307252,0.2691482209798158,0.8447341513292433,1.4234081546606994,1.1540756346759635
Good Will,t-SNE,0.49185845416061924,0.40100811616291226,0.8281492842535787,1.4234081546606994,0.9414418615150669
Good Will,UMAP,0.22194979001443024,0.4801201722886384,0.7851635991820041,1.4234081546606994,0.5484069462345879
Good Will,Isomap,0.6028502429548722,0.4111944500689479,0.7666462167689162,1.4234081546606994,1.1656722823077537
No Country,PCA,0.6322894935707516,0.3443496634675153,0.7775351087313889,0.9449118855565685,0.968052496470329
No Country,Metric MDS,0.851277619119486,0.2567693094627845,0.8534944342680005,0.9449118855565685,1.0078033810306577
No Country,t-SNE,0.5555611724290674,0.3813098422166879,0.8346249589028227,0.9449118855565685,0.5874960962673876
No Country,UMAP,0.40287301351011523,0.41449899236476623,0.8017824432858954,0.9449118855565685,0.766068439443999
No Country,Isomap,0.6045210594919651,0.36839062043186094,0.7818326992625992,0.9449118855565685,0.8525874565906048
