feature,hc_m,hc_sd,pwa_m,pwa_sd,cohens_d,p_ancova,p_fdr
total_filled_pauses,-0.187044031771027,0.356346774257581,0.129541259453665,0.61986402167858,0.621648134633956,0.0118748542455404,0.0250691367405852
word_count,0.406231220421401,0.920035009028012,-0.322537802632014,0.807204360352671,-0.843659265939401,1.70651274670403e-06,8.10593554684412e-06
adj_ratio,0.0706324368470222,0.380358231173562,-0.0430772525903809,0.630662749181608,-0.216879514775553,0.309332644532953,0.367332515382881
adv_ratio,0.0713115216131347,0.532720890238514,-0.0697914555027186,0.716512551232374,-0.222565836156425,0.158681139702235,0.200996110289497
clauses_per_sentence,0.0272287194560491,0.38834411656007,-0.025009412963402,0.677898774091202,-0.0938716602042588,0.65819417962317,0.735628788990602
content_word_ratio,0.178104984856562,0.372993290621249,-0.191128187538997,1.08265361168514,-0.450862949366151,0.0207764348602196,0.0394752262344172
disfluencies_per_100_words,-0.31131656354024,0.134070200052448,0.27089104913263,0.75076546160516,1.06516709017646,3.21255015021023e-07,2.03461509513315e-06
frequency_range,0.284054726528878,0.384319884771662,-0.320198739736856,1.01330663810211,-0.780056461561425,0.000194018285425473,0.000614391237180664
high_freq_word_ratio,-0.105743595676759,0.360397674671768,0.0973808912329019,0.538474360364836,0.440896593994286,0.05111082625857,0.0882823362648028
honore_statistic,0.238385696767617,0.474584771590607,-0.238581854563016,0.647082688640816,-0.836925446309535,7.71876069577331e-06,2.93312906439386e-05
mean_content_word_frequency,-0.209192235170495,0.298120325521269,0.135302835833919,1.27432184978216,0.367496038170399,0.144399212762713,0.195970360177968
mean_log_frequency,-0.190083224952764,0.403934574404578,0.121222593187074,0.975565563560145,0.412722331615201,0.0562880975807232,0.0891228211694785
mlu_morphemes,0.216246602430015,0.566562502458657,-0.231995577540564,0.608311942424732,-0.761778589179004,0.000936311834525553,0.00254141783656936
noun_ratio,0.111193054629674,0.481245653033054,-0.129209952455287,0.807560181721264,-0.359170683474959,0.117398933993861,0.171583057375643
verb_ratio,-0.0172470340053916,0.405288440681453,0.00495136427103839,0.858153199804067,0.0327769796940857,0.855978838052564,0.881437719948496
sentiment_rating,0.149295895417291,0.272089821994516,-0.18562221864784,0.469760077283727,-0.86623084198499,0.00121502693935502,0.00288568898096818
mc_coverage_percentage,0.541105428344548,0.517567118142787,-0.456381176831662,0.563180304468916,-1.8420191327355,1.65021870324086e-14,3.13541553615763e-13
mc_semantic_coherence,0.030984475695233,0.369224229526236,-0.0166117689697351,0.944342418478656,-0.0656855330556649,0.881437719948496,0.881437719948496
mc_avg_distance_to_centroid,-0.460203348630569,0.455328618531376,0.481807257168791,0.816255029656472,1.41454846431338,2.05241943139658e-08,1.94979845982676e-07
