feature,n,partial_r,p_value,ci_lo,ci_hi,p_fdr
mc_avg_distance_to_centroid,54,-0.786569562495966,2.93709245286324e-12,-0.871565727447706,-0.655672678971826,5.58047566044015e-11
frequency_range,54,0.691616263806648,9.79844570278906e-09,0.518189572079379,0.810413734388406,9.30852341764961e-08
mc_coverage_percentage,54,0.660234964221041,7.51040428645242e-08,0.474641147671755,0.789617864959088,4.75658938141987e-07
sentiment_rating,54,0.654160461573452,1.08396573984629e-07,0.466315121480321,0.785557760878874,5.14883726426986e-07
mean_log_frequency,54,0.577905805005776,5.86272836847652e-06,0.364553042187088,0.733609354677808,2.22783678002108e-05
word_count,54,0.544276290149723,2.52272769179118e-05,0.321237243053446,0.71010608726024,7.98863769067207e-05
mean_content_word_frequency,54,0.419933717852922,0.00174589321123899,0.16879463643397,0.619872134592766,0.0047388530019344
mc_semantic_coherence,54,-0.396594921232672,0.00328197705332166,-0.602324820642228,-0.141460853682782,0.00779469550163894
verb_ratio,54,0.371129888242721,0.00622099071009866,0.112074172530174,0.582949353174045,0.0128987870021994
disfluencies_per_100_words,54,-0.367492638842229,0.00678883526431546,-0.580162092628023,-0.107913441428887,0.0128987870021994
mlu_morphemes,54,0.347132288741592,0.0108767828832866,0.0847894989791412,0.564467229564555,0.0187871704347678
honore_statistic,54,0.332610324176862,0.014956718098423,0.0684672788734187,0.553176070193273,0.0236814703225031
high_freq_word_ratio,54,0.324092346956207,0.0179107856461768,0.0589586948176785,0.546515225025032,0.0261773020982584
total_filled_pauses,54,0.238263880642151,0.0857847059510509,-0.0342397755137444,0.477791505001856,0.116422100933569
adj_ratio,54,-0.165908827957018,0.235116013950186,-0.417485270593229,0.109290843608477,0.297813617670235
content_word_ratio,54,0.123457276878335,0.378465690475807,-0.151910560475175,0.381040370660294,0.44942800744002
adv_ratio,54,0.0786310016442765,0.575711362834205,-0.195829664791214,0.341667780996636,0.643442111402935
noun_ratio,54,-0.0614418348625836,0.662074662610483,-0.326320947948417,0.212383893127049,0.698856588311065
clauses_per_sentence,54,0.00042288132332096,0.997602192788974,-0.269906503333307,0.270690473474227,0.997602192788974
